-- Initialize provinces/territories
INSERT INTO [CD_PROVINCE_TERRITORY] ([PROVINCE_TERRITORY_ID], [PROVINCE_TERRITORY_CODE], [PROVINCE_TERRITORY_NAME_EN], [PROVINCE_TERRITORY_NAME_FR], [USER_CREATED], [DATE_CREATED], [USER_UPDATED], [DATE_UPDATED])
VALUES (1, 'ON', 'Ontario', 'Ontario', 'system', CURRENT_TIMESTAMP, 'system', CURRENT_TIMESTAMP);

INSERT INTO [CD_PROVINCE_TERRITORY] ([PROVINCE_TERRITORY_ID], [PROVINCE_TERRITORY_CODE], [PROVINCE_TERRITORY_NAME_EN], [PROVINCE_TERRITORY_NAME_FR], [USER_CREATED], [DATE_CREATED], [USER_UPDATED], [DATE_UPDATED])
VALUES (2, 'QC', 'Quebec', 'Québec', 'system', CURRENT_TIMESTAMP, 'system', CURRENT_TIMESTAMP);

INSERT INTO [CD_PROVINCE_TERRITORY] ([PROVINCE_TERRITORY_ID], [PROVINCE_TERRITORY_CODE], [PROVINCE_TERRITORY_NAME_EN], [PROVINCE_TERRITORY_NAME_FR], [USER_CREATED], [DATE_CREATED], [USER_UPDATED], [DATE_UPDATED])
VALUES (3, 'BC', 'British Columbia', 'Colombie-Britannique', 'system', CURRENT_TIMESTAMP, 'system', CURRENT_TIMESTAMP);

INSERT INTO [CD_PROVINCE_TERRITORY] ([PROVINCE_TERRITORY_ID], [PROVINCE_TERRITORY_CODE], [PROVINCE_TERRITORY_NAME_EN], [PROVINCE_TERRITORY_NAME_FR], [USER_CREATED], [DATE_CREATED], [USER_UPDATED], [DATE_UPDATED])
VALUES (4, 'AB', 'Alberta', 'Alberta', 'system', CURRENT_TIMESTAMP, 'system', CURRENT_TIMESTAMP);

INSERT INTO [CD_PROVINCE_TERRITORY] ([PROVINCE_TERRITORY_ID], [PROVINCE_TERRITORY_CODE], [PROVINCE_TERRITORY_NAME_EN], [PROVINCE_TERRITORY_NAME_FR], [USER_CREATED], [DATE_CREATED], [USER_UPDATED], [DATE_UPDATED])
VALUES (5, 'MB', 'Manitoba', 'Manitoba', 'system', CURRENT_TIMESTAMP, 'system', CURRENT_TIMESTAMP);

INSERT INTO [CD_PROVINCE_TERRITORY] ([PROVINCE_TERRITORY_ID], [PROVINCE_TERRITORY_CODE], [PROVINCE_TERRITORY_NAME_EN], [PROVINCE_TERRITORY_NAME_FR], [USER_CREATED], [DATE_CREATED], [USER_UPDATED], [DATE_UPDATED])
VALUES (6, 'NB', 'New Brunswick', 'Nouveau-Brunswick', 'system', CURRENT_TIMESTAMP, 'system', CURRENT_TIMESTAMP);

INSERT INTO [CD_PROVINCE_TERRITORY] ([PROVINCE_TERRITORY_ID], [PROVINCE_TERRITORY_CODE], [PROVINCE_TERRITORY_NAME_EN], [PROVINCE_TERRITORY_NAME_FR], [USER_CREATED], [DATE_CREATED], [USER_UPDATED], [DATE_UPDATED])
VALUES (7, 'NL', 'Newfoundland and Labrador', 'Terre-Neuve et Labrador', 'system', CURRENT_TIMESTAMP, 'system', CURRENT_TIMESTAMP);

INSERT INTO [CD_PROVINCE_TERRITORY] ([PROVINCE_TERRITORY_ID], [PROVINCE_TERRITORY_CODE], [PROVINCE_TERRITORY_NAME_EN], [PROVINCE_TERRITORY_NAME_FR], [USER_CREATED], [DATE_CREATED], [USER_UPDATED], [DATE_UPDATED])
VALUES (8, 'NT', 'Northwest Territories', 'Territoires du Nord-Ouest', 'system', CURRENT_TIMESTAMP, 'system', CURRENT_TIMESTAMP);

INSERT INTO [CD_PROVINCE_TERRITORY] ([PROVINCE_TERRITORY_ID], [PROVINCE_TERRITORY_CODE], [PROVINCE_TERRITORY_NAME_EN], [PROVINCE_TERRITORY_NAME_FR], [USER_CREATED], [DATE_CREATED], [USER_UPDATED], [DATE_UPDATED])
VALUES (9, 'NS', 'Nova Scotia', 'Nouvelle-Écosse', 'system', CURRENT_TIMESTAMP, 'system', CURRENT_TIMESTAMP);

INSERT INTO [CD_PROVINCE_TERRITORY] ([PROVINCE_TERRITORY_ID], [PROVINCE_TERRITORY_CODE], [PROVINCE_TERRITORY_NAME_EN], [PROVINCE_TERRITORY_NAME_FR], [USER_CREATED], [DATE_CREATED], [USER_UPDATED], [DATE_UPDATED])
VALUES (10, 'NU', 'Nunavut', 'Nunavut', 'system', CURRENT_TIMESTAMP, 'system', CURRENT_TIMESTAMP);

INSERT INTO [CD_PROVINCE_TERRITORY] ([PROVINCE_TERRITORY_ID], [PROVINCE_TERRITORY_CODE], [PROVINCE_TERRITORY_NAME_EN], [PROVINCE_TERRITORY_NAME_FR], [USER_CREATED], [DATE_CREATED], [USER_UPDATED], [DATE_UPDATED])
VALUES (11, 'PE', 'Prince Edward Island', 'Île-du-Prince-Édouard', 'system', CURRENT_TIMESTAMP, 'system', CURRENT_TIMESTAMP);

INSERT INTO [CD_PROVINCE_TERRITORY] ([PROVINCE_TERRITORY_ID], [PROVINCE_TERRITORY_CODE], [PROVINCE_TERRITORY_NAME_EN], [PROVINCE_TERRITORY_NAME_FR], [USER_CREATED], [DATE_CREATED], [USER_UPDATED], [DATE_UPDATED])
VALUES (12, 'SK', 'Saskatchewan', 'Saskatchewan', 'system', CURRENT_TIMESTAMP, 'system', CURRENT_TIMESTAMP);

INSERT INTO [CD_PROVINCE_TERRITORY] ([PROVINCE_TERRITORY_ID], [PROVINCE_TERRITORY_CODE], [PROVINCE_TERRITORY_NAME_EN], [PROVINCE_TERRITORY_NAME_FR], [USER_CREATED], [DATE_CREATED], [USER_UPDATED], [DATE_UPDATED])
VALUES (13, 'YT', 'Yukon', 'Yukon', 'system', CURRENT_TIMESTAMP, 'system', CURRENT_TIMESTAMP);

-- Initialize cities
-- Ontario cities
INSERT INTO [CD_CITY] ([CITY_ID], [CITY_CODE], [CITY_NAME_EN], [CITY_NAME_FR], [PROVINCE_TERRITORY_ID], [USER_CREATED], [DATE_CREATED], [USER_UPDATED], [DATE_UPDATED])
VALUES (1, 'ON72', 'Toronto', 'Toronto', 1, 'system', CURRENT_TIMESTAMP, 'system', CURRENT_TIMESTAMP);

INSERT INTO [CD_CITY] ([CITY_ID], [CITY_CODE], [CITY_NAME_EN], [CITY_NAME_FR], [PROVINCE_TERRITORY_ID], [USER_CREATED], [DATE_CREATED], [USER_UPDATED], [DATE_UPDATED])
VALUES (2, 'ON52', 'Ottawa', 'Ottawa', 1, 'system', CURRENT_TIMESTAMP, 'system', CURRENT_TIMESTAMP);

INSERT INTO [CD_CITY] ([CITY_ID], [CITY_CODE], [CITY_NAME_EN], [CITY_NAME_FR], [PROVINCE_TERRITORY_ID], [USER_CREATED], [DATE_CREATED], [USER_UPDATED], [DATE_UPDATED])
VALUES (3, 'ON27', 'Hamilton', 'Hamilton', 1, 'system', CURRENT_TIMESTAMP, 'system', CURRENT_TIMESTAMP);

-- Quebec cities
INSERT INTO [CD_CITY] ([CITY_ID], [CITY_CODE], [CITY_NAME_EN], [CITY_NAME_FR], [PROVINCE_TERRITORY_ID], [USER_CREATED], [DATE_CREATED], [USER_UPDATED], [DATE_UPDATED])
VALUES (4, 'QC39', 'Montreal', 'Montréal', 2, 'system', CURRENT_TIMESTAMP, 'system', CURRENT_TIMESTAMP);

INSERT INTO [CD_CITY] ([CITY_ID], [CITY_CODE], [CITY_NAME_EN], [CITY_NAME_FR], [PROVINCE_TERRITORY_ID], [USER_CREATED], [DATE_CREATED], [USER_UPDATED], [DATE_UPDATED])
VALUES (5, 'QC42', 'Quebec City', 'Québec', 2, 'system', CURRENT_TIMESTAMP, 'system', CURRENT_TIMESTAMP);

INSERT INTO [CD_CITY] ([CITY_ID], [CITY_CODE], [CITY_NAME_EN], [CITY_NAME_FR], [PROVINCE_TERRITORY_ID], [USER_CREATED], [DATE_CREATED], [USER_UPDATED], [DATE_UPDATED])
VALUES (6, 'QC21', 'Gatineau', 'Gatineau', 2, 'system', CURRENT_TIMESTAMP, 'system', CURRENT_TIMESTAMP);

-- British Columbia cities
INSERT INTO [CD_CITY] ([CITY_ID], [CITY_CODE], [CITY_NAME_EN], [CITY_NAME_FR], [PROVINCE_TERRITORY_ID], [USER_CREATED], [DATE_CREATED], [USER_UPDATED], [DATE_UPDATED])
VALUES (7, 'BC32', 'Vancouver', 'Vancouver', 3, 'system', CURRENT_TIMESTAMP, 'system', CURRENT_TIMESTAMP);

INSERT INTO [CD_CITY] ([CITY_ID], [CITY_CODE], [CITY_NAME_EN], [CITY_NAME_FR], [PROVINCE_TERRITORY_ID], [USER_CREATED], [DATE_CREATED], [USER_UPDATED], [DATE_UPDATED])
VALUES (8, 'BC35', 'Victoria', 'Victoria', 3, 'system', CURRENT_TIMESTAMP, 'system', CURRENT_TIMESTAMP);

-- Alberta cities
INSERT INTO [CD_CITY] ([CITY_ID], [CITY_CODE], [CITY_NAME_EN], [CITY_NAME_FR], [PROVINCE_TERRITORY_ID], [USER_CREATED], [DATE_CREATED], [USER_UPDATED], [DATE_UPDATED])
VALUES (9, 'AB2', 'Calgary', 'Calgary', 4, 'system', CURRENT_TIMESTAMP, 'system', CURRENT_TIMESTAMP);

INSERT INTO [CD_CITY] ([CITY_ID], [CITY_CODE], [CITY_NAME_EN], [CITY_NAME_FR], [PROVINCE_TERRITORY_ID], [USER_CREATED], [DATE_CREATED], [USER_UPDATED], [DATE_UPDATED])
VALUES (10, 'AB4', 'Edmonton', 'Edmonton', 4, 'system', CURRENT_TIMESTAMP, 'system', CURRENT_TIMESTAMP);

-- Initialize WFA statuses
INSERT INTO [CD_WFA_STATUS] ([WFA_STATUS_ID], [WFA_STATUS_CODE], [WFA_STATUS_NAME_EN], [WFA_STATUS_NAME_FR], [USER_CREATED], [DATE_CREATED], [USER_UPDATED], [DATE_UPDATED])
VALUES (1, 'AFFECTED', 'Affected', 'Touché', 'system', CURRENT_TIMESTAMP, 'system', CURRENT_TIMESTAMP);

INSERT INTO [CD_WFA_STATUS] ([WFA_STATUS_ID], [WFA_STATUS_CODE], [WFA_STATUS_NAME_EN], [WFA_STATUS_NAME_FR], [USER_CREATED], [DATE_CREATED], [USER_UPDATED], [DATE_UPDATED])
VALUES (2, 'SURPLUS_GRJO', 'Surplus with GRJO', 'Excédentaire avec GOE', 'system', CURRENT_TIMESTAMP, 'system', CURRENT_TIMESTAMP);

INSERT INTO [CD_WFA_STATUS] ([WFA_STATUS_ID], [WFA_STATUS_CODE], [WFA_STATUS_NAME_EN], [WFA_STATUS_NAME_FR], [USER_CREATED], [DATE_CREATED], [USER_UPDATED], [DATE_UPDATED])
VALUES (3, 'SURPLUS_NO_GRJO', 'Surplus without a GRJO', 'Excédentaire sans GOE', 'system', CURRENT_TIMESTAMP, 'system', CURRENT_TIMESTAMP);

INSERT INTO [CD_WFA_STATUS] ([WFA_STATUS_ID], [WFA_STATUS_CODE], [WFA_STATUS_NAME_EN], [WFA_STATUS_NAME_FR], [USER_CREATED], [DATE_CREATED], [USER_UPDATED], [DATE_UPDATED])
VALUES (4, 'RELOCATION', 'Relocation of work unit', 'Réinstallation de l''unité de travail', 'system', CURRENT_TIMESTAMP, 'system', CURRENT_TIMESTAMP);

INSERT INTO [CD_WFA_STATUS] ([WFA_STATUS_ID], [WFA_STATUS_CODE], [WFA_STATUS_NAME_EN], [WFA_STATUS_NAME_FR], [USER_CREATED], [DATE_CREATED], [USER_UPDATED], [DATE_UPDATED])
VALUES (5, 'LAYOFF', 'Lay-off', 'Mise à pied', 'system', CURRENT_TIMESTAMP, 'system', CURRENT_TIMESTAMP);

-- Initialize classifications
INSERT INTO [CD_CLASSIFICATION] ([CLASSIFICATION_ID], [CLASSIFICATION_CODE], [CLASSIFICATION_NAME_EN], [CLASSIFICATION_NAME_FR], [USER_CREATED], [DATE_CREATED], [USER_UPDATED], [DATE_UPDATED])
VALUES (904190000, 'AS-01', 'AS-01', 'AS-01', 'system', CURRENT_TIMESTAMP, 'system', CURRENT_TIMESTAMP);

INSERT INTO [CD_CLASSIFICATION] ([CLASSIFICATION_ID], [CLASSIFICATION_CODE], [CLASSIFICATION_NAME_EN], [CLASSIFICATION_NAME_FR], [USER_CREATED], [DATE_CREATED], [USER_UPDATED], [DATE_UPDATED])
VALUES (904190001, 'AS-02', 'AS-02', 'AS-02', 'system', CURRENT_TIMESTAMP, 'system', CURRENT_TIMESTAMP);

INSERT INTO [CD_CLASSIFICATION] ([CLASSIFICATION_ID], [CLASSIFICATION_CODE], [CLASSIFICATION_NAME_EN], [CLASSIFICATION_NAME_FR], [USER_CREATED], [DATE_CREATED], [USER_UPDATED], [DATE_UPDATED])
VALUES (904190002, 'AS-03', 'AS-03', 'AS-03', 'system', CURRENT_TIMESTAMP, 'system', CURRENT_TIMESTAMP);

INSERT INTO [CD_CLASSIFICATION] ([CLASSIFICATION_ID], [CLASSIFICATION_CODE], [CLASSIFICATION_NAME_EN], [CLASSIFICATION_NAME_FR], [USER_CREATED], [DATE_CREATED], [USER_UPDATED], [DATE_UPDATED])
VALUES (904190003, 'AS-04', 'AS-04', 'AS-04', 'system', CURRENT_TIMESTAMP, 'system', CURRENT_TIMESTAMP);

INSERT INTO [CD_CLASSIFICATION] ([CLASSIFICATION_ID], [CLASSIFICATION_CODE], [CLASSIFICATION_NAME_EN], [CLASSIFICATION_NAME_FR], [USER_CREATED], [DATE_CREATED], [USER_UPDATED], [DATE_UPDATED])
VALUES (904190004, 'AS-05', 'AS-05', 'AS-05', 'system', CURRENT_TIMESTAMP, 'system', CURRENT_TIMESTAMP);

INSERT INTO [CD_CLASSIFICATION] ([CLASSIFICATION_ID], [CLASSIFICATION_CODE], [CLASSIFICATION_NAME_EN], [CLASSIFICATION_NAME_FR], [USER_CREATED], [DATE_CREATED], [USER_UPDATED], [DATE_UPDATED])
VALUES (904190005, 'AS-06', 'AS-06', 'AS-06', 'system', CURRENT_TIMESTAMP, 'system', CURRENT_TIMESTAMP);

INSERT INTO [CD_CLASSIFICATION] ([CLASSIFICATION_ID], [CLASSIFICATION_CODE], [CLASSIFICATION_NAME_EN], [CLASSIFICATION_NAME_FR], [USER_CREATED], [DATE_CREATED], [USER_UPDATED], [DATE_UPDATED])
VALUES (904190006, 'AS-07', 'AS-07', 'AS-07', 'system', CURRENT_TIMESTAMP, 'system', CURRENT_TIMESTAMP);

INSERT INTO [CD_CLASSIFICATION] ([CLASSIFICATION_ID], [CLASSIFICATION_CODE], [CLASSIFICATION_NAME_EN], [CLASSIFICATION_NAME_FR], [USER_CREATED], [DATE_CREATED], [USER_UPDATED], [DATE_UPDATED])
VALUES (914190000, 'CR-03', 'CR-03', 'CR-03', 'system', CURRENT_TIMESTAMP, 'system', CURRENT_TIMESTAMP);

INSERT INTO [CD_CLASSIFICATION] ([CLASSIFICATION_ID], [CLASSIFICATION_CODE], [CLASSIFICATION_NAME_EN], [CLASSIFICATION_NAME_FR], [USER_CREATED], [DATE_CREATED], [USER_UPDATED], [DATE_UPDATED])
VALUES (914190001, 'CR-04', 'CR-04', 'CR-04', 'system', CURRENT_TIMESTAMP, 'system', CURRENT_TIMESTAMP);

INSERT INTO [CD_CLASSIFICATION] ([CLASSIFICATION_ID], [CLASSIFICATION_CODE], [CLASSIFICATION_NAME_EN], [CLASSIFICATION_NAME_FR], [USER_CREATED], [DATE_CREATED], [USER_UPDATED], [DATE_UPDATED])
VALUES (914190002, 'CR-05', 'CR-05', 'CR-05', 'system', CURRENT_TIMESTAMP, 'system', CURRENT_TIMESTAMP);

INSERT INTO [CD_CLASSIFICATION] ([CLASSIFICATION_ID], [CLASSIFICATION_CODE], [CLASSIFICATION_NAME_EN], [CLASSIFICATION_NAME_FR], [USER_CREATED], [DATE_CREATED], [USER_UPDATED], [DATE_UPDATED])
VALUES (924190000, 'CT-FIN-01', 'CT-FIN-01', 'CT-FIN-01', 'system', CURRENT_TIMESTAMP, 'system', CURRENT_TIMESTAMP);

INSERT INTO [CD_CLASSIFICATION] ([CLASSIFICATION_ID], [CLASSIFICATION_CODE], [CLASSIFICATION_NAME_EN], [CLASSIFICATION_NAME_FR], [USER_CREATED], [DATE_CREATED], [USER_UPDATED], [DATE_UPDATED])
VALUES (924190001, 'CT-FIN-02', 'CT-FIN-02', 'CT-FIN-02', 'system', CURRENT_TIMESTAMP, 'system', CURRENT_TIMESTAMP);

INSERT INTO [CD_CLASSIFICATION] ([CLASSIFICATION_ID], [CLASSIFICATION_CODE], [CLASSIFICATION_NAME_EN], [CLASSIFICATION_NAME_FR], [USER_CREATED], [DATE_CREATED], [USER_UPDATED], [DATE_UPDATED])
VALUES (924190002, 'CT-FIN-03', 'CT-FIN-03', 'CT-FIN-03', 'system', CURRENT_TIMESTAMP, 'system', CURRENT_TIMESTAMP);

INSERT INTO [CD_CLASSIFICATION] ([CLASSIFICATION_ID], [CLASSIFICATION_CODE], [CLASSIFICATION_NAME_EN], [CLASSIFICATION_NAME_FR], [USER_CREATED], [DATE_CREATED], [USER_UPDATED], [DATE_UPDATED])
VALUES (924190003, 'CT-FIN-04', 'CT-FIN-04', 'CT-FIN-04', 'system', CURRENT_TIMESTAMP, 'system', CURRENT_TIMESTAMP);

INSERT INTO [CD_CLASSIFICATION] ([CLASSIFICATION_ID], [CLASSIFICATION_CODE], [CLASSIFICATION_NAME_EN], [CLASSIFICATION_NAME_FR], [USER_CREATED], [DATE_CREATED], [USER_UPDATED], [DATE_UPDATED])
VALUES (934190000, 'CT-IAU-01', 'CT-IAU-01', 'CT-IAU-01', 'system', CURRENT_TIMESTAMP, 'system', CURRENT_TIMESTAMP);

-- Initialize education levels
INSERT INTO [CD_EDUCATION_LEVEL] ([EDUCATION_LEVEL_ID], [EDUCATION_LEVEL_CODE], [EDUCATION_LEVEL_NAME_EN], [EDUCATION_LEVEL_NAME_FR], [USER_CREATED], [DATE_CREATED], [USER_UPDATED], [DATE_UPDATED])
VALUES (764190000, 'SEC2', 'Completed two years of secondary school', 'Complété deux ans de d''études secondaires', 'system', CURRENT_TIMESTAMP, 'system', CURRENT_TIMESTAMP);

INSERT INTO [CD_EDUCATION_LEVEL] ([EDUCATION_LEVEL_ID], [EDUCATION_LEVEL_CODE], [EDUCATION_LEVEL_NAME_EN], [EDUCATION_LEVEL_NAME_FR], [USER_CREATED], [DATE_CREATED], [USER_UPDATED], [DATE_UPDATED])
VALUES (764190001, 'SECDIP', 'Secondary (high) school diploma or equivalent', 'Diplôme d''études secondaires ou équivalent', 'system', CURRENT_TIMESTAMP, 'system', CURRENT_TIMESTAMP);

INSERT INTO [CD_EDUCATION_LEVEL] ([EDUCATION_LEVEL_ID], [EDUCATION_LEVEL_CODE], [EDUCATION_LEVEL_NAME_EN], [EDUCATION_LEVEL_NAME_FR], [USER_CREATED], [DATE_CREATED], [USER_UPDATED], [DATE_UPDATED])
VALUES (764190002, 'POST2', 'Completed two years of a post-secondary program', 'Complété deux ans d''un programme postsecondaire', 'system', CURRENT_TIMESTAMP, 'system', CURRENT_TIMESTAMP);

INSERT INTO [CD_EDUCATION_LEVEL] ([EDUCATION_LEVEL_ID], [EDUCATION_LEVEL_CODE], [EDUCATION_LEVEL_NAME_EN], [EDUCATION_LEVEL_NAME_FR], [USER_CREATED], [DATE_CREATED], [USER_UPDATED], [DATE_UPDATED])
VALUES (764190003, 'POSTDEG', 'Graduated with a degree from a recognized post-secondary institution', 'Graduation avec un grade d''un établissement d''enseignement postsecondaire reconnu', 'system', CURRENT_TIMESTAMP, 'system', CURRENT_TIMESTAMP);

-- Initialize language referral types
INSERT INTO [CD_LANGUAGE_REFERRAL_TYPE] ([LANGUAGE_REFERRAL_TYPE_ID], [LANGUAGE_REFERRAL_TYPE_CODE], [LANGUAGE_REFERRAL_TYPE_NAME_EN], [LANGUAGE_REFERRAL_TYPE_NAME_FR], [USER_CREATED], [DATE_CREATED], [USER_UPDATED], [DATE_UPDATED])
VALUES (864190000, 'BILINGUAL', 'Bilingual', 'Bilingue', 'system', CURRENT_TIMESTAMP, 'system', CURRENT_TIMESTAMP);

INSERT INTO [CD_LANGUAGE_REFERRAL_TYPE] ([LANGUAGE_REFERRAL_TYPE_ID], [LANGUAGE_REFERRAL_TYPE_CODE], [LANGUAGE_REFERRAL_TYPE_NAME_EN], [LANGUAGE_REFERRAL_TYPE_NAME_FR], [USER_CREATED], [DATE_CREATED], [USER_UPDATED], [DATE_UPDATED])
VALUES (864190001, 'ENGLISH', 'English only', 'Anglais seulement', 'system', CURRENT_TIMESTAMP, 'system', CURRENT_TIMESTAMP);

INSERT INTO [CD_LANGUAGE_REFERRAL_TYPE] ([LANGUAGE_REFERRAL_TYPE_ID], [LANGUAGE_REFERRAL_TYPE_CODE], [LANGUAGE_REFERRAL_TYPE_NAME_EN], [LANGUAGE_REFERRAL_TYPE_NAME_FR], [USER_CREATED], [DATE_CREATED], [USER_UPDATED], [DATE_UPDATED])
VALUES (864190002, 'FRENCH', 'French only', 'Français seulement', 'system', CURRENT_TIMESTAMP, 'system', CURRENT_TIMESTAMP);

-- Initialize work units (parent entities)
INSERT INTO [CD_WORK_UNIT] ([WORK_UNIT_ID], [WORK_UNIT_CODE], [WORK_UNIT_NAME_EN], [WORK_UNIT_NAME_FR], [WORK_UNIT_ID_PARENT], [USER_CREATED], [DATE_CREATED], [USER_UPDATED], [DATE_UPDATED])
VALUES (100789001, 'LABOUR-COPD', 'Labour - COPD', 'Travail - CODP', NULL, 'system', CURRENT_TIMESTAMP, 'system', CURRENT_TIMESTAMP);

INSERT INTO [CD_WORK_UNIT] ([WORK_UNIT_ID], [WORK_UNIT_CODE], [WORK_UNIT_NAME_EN], [WORK_UNIT_NAME_FR], [WORK_UNIT_ID_PARENT], [USER_CREATED], [DATE_CREATED], [USER_UPDATED], [DATE_UPDATED])
VALUES (100789002, 'LABOUR-SIG', 'Labour - SIG', 'Travail - ISG', NULL, 'system', CURRENT_TIMESTAMP, 'system', CURRENT_TIMESTAMP);

INSERT INTO [CD_WORK_UNIT] ([WORK_UNIT_ID], [WORK_UNIT_CODE], [WORK_UNIT_NAME_EN], [WORK_UNIT_NAME_FR], [WORK_UNIT_ID_PARENT], [USER_CREATED], [DATE_CREATED], [USER_UPDATED], [DATE_UPDATED])
VALUES (100789003, 'LABOUR', 'DMO Labour Program', 'BSM Programme du travail', NULL, 'system', CURRENT_TIMESTAMP, 'system', CURRENT_TIMESTAMP);

INSERT INTO [CD_WORK_UNIT] ([WORK_UNIT_ID], [WORK_UNIT_CODE], [WORK_UNIT_NAME_EN], [WORK_UNIT_NAME_FR], [WORK_UNIT_ID_PARENT], [USER_CREATED], [DATE_CREATED], [USER_UPDATED], [DATE_UPDATED])
VALUES (100789004, 'LABOUR-PDRIA', 'Labour - PDRIA', 'Travail - PRDAI', NULL, 'system', CURRENT_TIMESTAMP, 'system', CURRENT_TIMESTAMP);

INSERT INTO [CD_WORK_UNIT] ([WORK_UNIT_ID], [WORK_UNIT_CODE], [WORK_UNIT_NAME_EN], [WORK_UNIT_NAME_FR], [WORK_UNIT_ID_PARENT], [USER_CREATED], [DATE_CREATED], [USER_UPDATED], [DATE_UPDATED])
VALUES (100789005, 'ICSD-QC', 'Integrated Client Service Delivery (ICSD) - Quebec Region', 'Prestation de services intégrés à la clientèle (PSIC) - PSIC, Région du Québec', NULL, 'system', CURRENT_TIMESTAMP, 'system', CURRENT_TIMESTAMP);

-- Initialize work units (child entities)
INSERT INTO [CD_WORK_UNIT] ([WORK_UNIT_ID], [WORK_UNIT_CODE], [WORK_UNIT_NAME_EN], [WORK_UNIT_NAME_FR], [WORK_UNIT_ID_PARENT], [USER_CREATED], [DATE_CREATED], [USER_UPDATED], [DATE_UPDATED])
VALUES (294550000, 'LABOUR-COPD-1', 'Workplace Directorate', 'Direction du milieu de travail', 100789001, 'system', CURRENT_TIMESTAMP, 'system', CURRENT_TIMESTAMP);

INSERT INTO [CD_WORK_UNIT] ([WORK_UNIT_ID], [WORK_UNIT_CODE], [WORK_UNIT_NAME_EN], [WORK_UNIT_NAME_FR], [WORK_UNIT_ID_PARENT], [USER_CREATED], [DATE_CREATED], [USER_UPDATED], [DATE_UPDATED])
VALUES (294550001, 'LABOUR-COPD-2', 'ADM''s Office, COPD', 'Bureau du SMA, CODP', 100789001, 'system', CURRENT_TIMESTAMP, 'system', CURRENT_TIMESTAMP);

INSERT INTO [CD_WORK_UNIT] ([WORK_UNIT_ID], [WORK_UNIT_CODE], [WORK_UNIT_NAME_EN], [WORK_UNIT_NAME_FR], [WORK_UNIT_ID_PARENT], [USER_CREATED], [DATE_CREATED], [USER_UPDATED], [DATE_UPDATED])
VALUES (294550004, 'LABOUR-SIG-1', 'Strat Integ & Info Solutions', 'Integ Strat & Solution Info', 100789002, 'system', CURRENT_TIMESTAMP, 'system', CURRENT_TIMESTAMP);

INSERT INTO [CD_WORK_UNIT] ([WORK_UNIT_ID], [WORK_UNIT_CODE], [WORK_UNIT_NAME_EN], [WORK_UNIT_NAME_FR], [WORK_UNIT_ID_PARENT], [USER_CREATED], [DATE_CREATED], [USER_UPDATED], [DATE_UPDATED])
VALUES (294550006, 'LABOUR-1', 'DMO Labour Program', 'BSM Programme du travail', 100789003, 'system', CURRENT_TIMESTAMP, 'system', CURRENT_TIMESTAMP);

INSERT INTO [CD_WORK_UNIT] ([WORK_UNIT_ID], [WORK_UNIT_CODE], [WORK_UNIT_NAME_EN], [WORK_UNIT_NAME_FR], [WORK_UNIT_ID_PARENT], [USER_CREATED], [DATE_CREATED], [USER_UPDATED], [DATE_UPDATED])
VALUES (294550007, 'LABOUR-PDRIA-1', 'DGO Fed Mediatn Conciliatn Svc', 'DG Serv Fed Mediatn Conciliatn', 100789004, 'system', CURRENT_TIMESTAMP, 'system', CURRENT_TIMESTAMP);

INSERT INTO [CD_WORK_UNIT] ([WORK_UNIT_ID], [WORK_UNIT_CODE], [WORK_UNIT_NAME_EN], [WORK_UNIT_NAME_FR], [WORK_UNIT_ID_PARENT], [USER_CREATED], [DATE_CREATED], [USER_UPDATED], [DATE_UPDATED])
VALUES (294550011, 'ICSD-QC-1', 'Integrity Services Branch, QC', 'Direction serv d''intégrité, QC', 100789005, 'system', CURRENT_TIMESTAMP, 'system', CURRENT_TIMESTAMP);

-- Initialize languages
INSERT INTO [CD_LANGUAGE] ([LANGUAGE_ID], [LANGUAGE_CODE], [LANGUAGE_NAME_EN], [LANGUAGE_NAME_FR], [USER_CREATED], [DATE_CREATED], [USER_UPDATED], [DATE_UPDATED])
VALUES (874190000, 'EN', 'English', 'Anglais', 'system', CURRENT_TIMESTAMP, 'system', CURRENT_TIMESTAMP);

INSERT INTO [CD_LANGUAGE] ([LANGUAGE_ID], [LANGUAGE_CODE], [LANGUAGE_NAME_EN], [LANGUAGE_NAME_FR], [USER_CREATED], [DATE_CREATED], [USER_UPDATED], [DATE_UPDATED])
VALUES (874190001, 'FR', 'French', 'Français', 'system', CURRENT_TIMESTAMP, 'system', CURRENT_TIMESTAMP);

-- Add profile status values if not exists
INSERT INTO [CD_PROFILE_STATUS] ([PROFILE_STATUS_ID], [PROFILE_STATUS_CODE], [PROFILE_STATUS_NAME_EN], [PROFILE_STATUS_NAME_FR], [USER_CREATED], [DATE_CREATED], [USER_UPDATED], [DATE_UPDATED])
VALUES
    (1, 'PENDING', 'Pending', 'En attente', 'system', CURRENT_TIMESTAMP, 'system', CURRENT_TIMESTAMP),
    (2, 'ACTIVE', 'Active', 'Actif', 'system', CURRENT_TIMESTAMP, 'system', CURRENT_TIMESTAMP),
    (3, 'INACTIVE', 'Inactive', 'Inactif', 'system', CURRENT_TIMESTAMP, 'system', CURRENT_TIMESTAMP);

-- Add notification purpose values if not exists
INSERT INTO [CD_NOTIFICATION_PURPOSE] ([NOTIFICATION_PURPOSE_ID], [NOTIFICATION_PURPOSE_CODE], [NOTIFICATION_PURPOSE_NAME_EN], [NOTIFICATION_PURPOSE_NAME_FR], [USER_CREATED], [DATE_CREATED], [USER_UPDATED], [DATE_UPDATED])
VALUES
    (1, 'GENERAL', 'General Notifications', 'Notifications générales', 'system', CURRENT_TIMESTAMP, 'system', CURRENT_TIMESTAMP);

-- Add priority levels if not exists
INSERT INTO [CD_PRIORITY_LEVEL] ([PRIORITY_LEVEL_ID], [PRIORITY_LEVEL_CODE], [PRIORITY_LEVEL_NAME_EN], [PRIORITY_LEVEL_NAME_FR], [USER_CREATED], [DATE_CREATED], [USER_UPDATED], [DATE_UPDATED])
VALUES
    (1, 'LOW', 'Low', 'Faible', 'system', CURRENT_TIMESTAMP, 'system', CURRENT_TIMESTAMP),
    (2, 'NORMAL', 'Normal', 'Normal', 'system', CURRENT_TIMESTAMP, 'system', CURRENT_TIMESTAMP),
    (3, 'HIGH', 'High', 'Élevé', 'system', CURRENT_TIMESTAMP, 'system', CURRENT_TIMESTAMP);

-- Initialize employment tenures
INSERT INTO [CD_EMPLOYMENT_TENURE] ([EMPLOYMENT_TENURE_ID], [EMPLOYMENT_TENURE_CODE], [EMPLOYMENT_TENURE_NAME_EN], [EMPLOYMENT_TENURE_NAME_FR], [USER_CREATED], [DATE_CREATED], [USER_UPDATED], [DATE_UPDATED])
VALUES (664190000, 'ASSIGNMENT', 'Assignment', 'Affectation', 'system', CURRENT_TIMESTAMP, 'system', CURRENT_TIMESTAMP);

INSERT INTO [CD_EMPLOYMENT_TENURE] ([EMPLOYMENT_TENURE_ID], [EMPLOYMENT_TENURE_CODE], [EMPLOYMENT_TENURE_NAME_EN], [EMPLOYMENT_TENURE_NAME_FR], [USER_CREATED], [DATE_CREATED], [USER_UPDATED], [DATE_UPDATED])
VALUES (664190001, 'TERM', 'Term employment', 'Emploi à durée déterminée', 'system', CURRENT_TIMESTAMP, 'system', CURRENT_TIMESTAMP);

INSERT INTO [CD_EMPLOYMENT_TENURE] ([EMPLOYMENT_TENURE_ID], [EMPLOYMENT_TENURE_CODE], [EMPLOYMENT_TENURE_NAME_EN], [EMPLOYMENT_TENURE_NAME_FR], [USER_CREATED], [DATE_CREATED], [USER_UPDATED], [DATE_UPDATED])
VALUES (664190002, 'LOWER_LEVEL', 'Lower-level opportunities', 'Opportunités de niveau inférieur', 'system', CURRENT_TIMESTAMP, 'system', CURRENT_TIMESTAMP);

INSERT INTO [CD_EMPLOYMENT_TENURE] ([EMPLOYMENT_TENURE_ID], [EMPLOYMENT_TENURE_CODE], [EMPLOYMENT_TENURE_NAME_EN], [EMPLOYMENT_TENURE_NAME_FR], [USER_CREATED], [DATE_CREATED], [USER_UPDATED], [DATE_UPDATED])
VALUES (664190003, 'PART_TIME', 'Part-time hours', 'Heures à temps-partiel', 'system', CURRENT_TIMESTAMP, 'system', CURRENT_TIMESTAMP);

INSERT INTO [CD_EMPLOYMENT_TENURE] ([EMPLOYMENT_TENURE_ID], [EMPLOYMENT_TENURE_CODE], [EMPLOYMENT_TENURE_NAME_EN], [EMPLOYMENT_TENURE_NAME_FR], [USER_CREATED], [DATE_CREATED], [USER_UPDATED], [DATE_UPDATED])
VALUES (664190004, 'NOT_INTERESTED', 'Not interested', 'Pas intéressé', 'system', CURRENT_TIMESTAMP, 'system', CURRENT_TIMESTAMP);

-- Add user types if not exists
INSERT INTO [CD_USER_TYPE] ([USER_TYPE_ID], [USER_TYPE_CODE], [USER_TYPE_NAME_EN], [USER_TYPE_NAME_FR], [USER_CREATED], [DATE_CREATED], [USER_UPDATED], [DATE_UPDATED])
VALUES
    (1, 'employee', 'Employee', 'Employé', 'system', CURRENT_TIMESTAMP, 'system', CURRENT_TIMESTAMP),
    (2, 'admin', 'Administrator', 'Administrateur', 'system', CURRENT_TIMESTAMP, 'system', CURRENT_TIMESTAMP),
    (3, 'manager', 'Manager', 'Gestionnaire', 'system', CURRENT_TIMESTAMP, 'system', CURRENT_TIMESTAMP);
