-- Initialize provinces/territories
INSERT INTO [CD_PROVINCE_TERRITORY] ([PROVINCE_TERRITORY_ID], [PROVINCE_TERRITORY_CODE], [PROVINCE_TERRITORY_NAME_EN], [PROVINCE_TERRITORY_NAME_FR], [USER_CREATED], [DATE_CREATED], [USER_UPDATED], [DATE_UPDATED])
VALUES (1, 'ON', 'Ontario', 'Ontario', 'system', CURRENT_TIMESTAMP, 'system', CURRENT_TIMESTAMP);

INSERT INTO [CD_PROVINCE_TERRITORY] ([PROVINCE_TERRITORY_ID], [PROVINCE_TERRITORY_CODE], [PROVINCE_TERRITORY_NAME_EN], [PROVINCE_TERRITORY_NAME_FR], [USER_CREATED], [DATE_CREATED], [USER_UPDATED], [DATE_UPDATED])
VALUES (2, 'QC', 'Quebec', 'Québec', 'system', CURRENT_TIMESTAMP, 'system', CURRENT_TIMESTAMP);

INSERT INTO [CD_PROVINCE_TERRITORY] ([PROVINCE_TERRITORY_ID], [PROVINCE_TERRITORY_CODE], [PROVINCE_TERRITORY_NAME_EN], [PROVINCE_TERRITORY_NAME_FR], [USER_CREATED], [DATE_CREATED], [USER_UPDATED], [DATE_UPDATED])
VALUES (3, 'BC', 'British Columbia', 'Colombie-Britannique', 'system', CURRENT_TIMESTAMP, 'system', CURRENT_TIMESTAMP);

INSERT INTO [CD_PROVINCE_TERRITORY] ([PROVINCE_TERRITORY_ID], [PROVINCE_TERRITORY_CODE], [PROVINCE_TERRITORY_NAME_EN], [PROVINCE_TERRITORY_NAME_FR], [USER_CREATED], [DATE_CREATED], [USER_UPDATED], [DATE_UPDATED])
VALUES (4, 'AB', 'Alberta', 'Alberta', 'system', CURRENT_TIMESTAMP, 'system', CURRENT_TIMESTAMP);

-- Initialize cities
-- Ontario cities
INSERT INTO [CD_CITY] ([CITY_ID], [CITY_CODE], [CITY_NAME_EN], [CITY_NAME_FR], [PROVINCE_TERRITORY_ID], [USER_CREATED], [DATE_CREATED], [USER_UPDATED], [DATE_UPDATED])
VALUES (1, 'ON72', 'Toronto', 'Toronto', 1, 'system', CURRENT_TIMESTAMP, 'system', CURRENT_TIMESTAMP);

INSERT INTO [CD_CITY] ([CITY_ID], [CITY_CODE], [CITY_NAME_EN], [CITY_NAME_FR], [PROVINCE_TERRITORY_ID], [USER_CREATED], [DATE_CREATED], [USER_UPDATED], [DATE_UPDATED])
VALUES (2, 'ON52', 'Ottawa', 'Ottawa', 1, 'system', CURRENT_TIMESTAMP, 'system', CURRENT_TIMESTAMP);

INSERT INTO [CD_CITY] ([CITY_ID], [CITY_CODE], [CITY_NAME_EN], [CITY_NAME_FR], [PROVINCE_TERRITORY_ID], [USER_CREATED], [DATE_CREATED], [USER_UPDATED], [DATE_UPDATED])
VALUES (3, 'ON27', 'Hamilton', 'Hamilton', 1, 'system', CURRENT_TIMESTAMP, 'system', CURRENT_TIMESTAMP);

-- Quebec cities
INSERT INTO [CD_CITY] ([CITY_ID], [CITY_CODE], [CITY_NAME_EN], [CITY_NAME_FR], [PROVINCE_TERRITORY_ID], [USER_CREATED], [DATE_CREATED], [USER_UPDATED], [DATE_UPDATED])
VALUES (4, 'QC39', 'Montreal', 'Montréal', 2, 'system', CURRENT_TIMESTAMP, 'system', CURRENT_TIMESTAMP);

INSERT INTO [CD_CITY] ([CITY_ID], [CITY_CODE], [CITY_NAME_EN], [CITY_NAME_FR], [PROVINCE_TERRITORY_ID], [USER_CREATED], [DATE_CREATED], [USER_UPDATED], [DATE_UPDATED])
VALUES (5, 'QC42', 'Quebec City', 'Québec', 2, 'system', CURRENT_TIMESTAMP, 'system', CURRENT_TIMESTAMP);

INSERT INTO [CD_CITY] ([CITY_ID], [CITY_CODE], [CITY_NAME_EN], [CITY_NAME_FR], [PROVINCE_TERRITORY_ID], [USER_CREATED], [DATE_CREATED], [USER_UPDATED], [DATE_UPDATED])
VALUES (6, 'QC21', 'Gatineau', 'Gatineau', 2, 'system', CURRENT_TIMESTAMP, 'system', CURRENT_TIMESTAMP);

-- British Columbia cities
INSERT INTO [CD_CITY] ([CITY_ID], [CITY_CODE], [CITY_NAME_EN], [CITY_NAME_FR], [PROVINCE_TERRITORY_ID], [USER_CREATED], [DATE_CREATED], [USER_UPDATED], [DATE_UPDATED])
VALUES (7, 'BC32', 'Vancouver', 'Vancouver', 3, 'system', CURRENT_TIMESTAMP, 'system', CURRENT_TIMESTAMP);

INSERT INTO [CD_CITY] ([CITY_ID], [CITY_CODE], [CITY_NAME_EN], [CITY_NAME_FR], [PROVINCE_TERRITORY_ID], [USER_CREATED], [DATE_CREATED], [USER_UPDATED], [DATE_UPDATED])
VALUES (8, 'BC35', 'Victoria', 'Victoria', 3, 'system', CURRENT_TIMESTAMP, 'system', CURRENT_TIMESTAMP);

-- Alberta cities
INSERT INTO [CD_CITY] ([CITY_ID], [CITY_CODE], [CITY_NAME_EN], [CITY_NAME_FR], [PROVINCE_TERRITORY_ID], [USER_CREATED], [DATE_CREATED], [USER_UPDATED], [DATE_UPDATED])
VALUES (9, 'AB2', 'Calgary', 'Calgary', 4, 'system', CURRENT_TIMESTAMP, 'system', CURRENT_TIMESTAMP);

INSERT INTO [CD_CITY] ([CITY_ID], [CITY_CODE], [CITY_NAME_EN], [CITY_NAME_FR], [PROVINCE_TERRITORY_ID], [USER_CREATED], [DATE_CREATED], [USER_UPDATED], [DATE_UPDATED])
VALUES (10, 'AB4', 'Edmonton', 'Edmonton', 4, 'system', CURRENT_TIMESTAMP, 'system', CURRENT_TIMESTAMP);

-- Initialize WFA statuses
INSERT INTO [CD_WFA_STATUS] ([WFA_STATUS_ID], [WFA_STATUS_CODE], [WFA_STATUS_NAME_EN], [WFA_STATUS_NAME_FR], [USER_CREATED], [DATE_CREATED], [USER_UPDATED], [DATE_UPDATED])
VALUES (1, 'AFFECTED', 'Affected', 'Touché', 'system', CURRENT_TIMESTAMP, 'system', CURRENT_TIMESTAMP);

INSERT INTO [CD_WFA_STATUS] ([WFA_STATUS_ID], [WFA_STATUS_CODE], [WFA_STATUS_NAME_EN], [WFA_STATUS_NAME_FR], [USER_CREATED], [DATE_CREATED], [USER_UPDATED], [DATE_UPDATED])
VALUES (2, 'SURPLUS_GRJO', 'Surplus with GRJO', 'Excédentaire avec GOE', 'system', CURRENT_TIMESTAMP, 'system', CURRENT_TIMESTAMP);

INSERT INTO [CD_WFA_STATUS] ([WFA_STATUS_ID], [WFA_STATUS_CODE], [WFA_STATUS_NAME_EN], [WFA_STATUS_NAME_FR], [USER_CREATED], [DATE_CREATED], [USER_UPDATED], [DATE_UPDATED])
VALUES (3, 'SURPLUS_NO_GRJO', 'Surplus without a GRJO', 'Excédentaire sans GOE', 'system', CURRENT_TIMESTAMP, 'system', CURRENT_TIMESTAMP);

INSERT INTO [CD_WFA_STATUS] ([WFA_STATUS_ID], [WFA_STATUS_CODE], [WFA_STATUS_NAME_EN], [WFA_STATUS_NAME_FR], [USER_CREATED], [DATE_CREATED], [USER_UPDATED], [DATE_UPDATED])
VALUES (4, 'RELOCATION', 'Relocation of work unit', 'Réinstallation de l''unité de travail', 'system', CURRENT_TIMESTAMP, 'system', CURRENT_TIMESTAMP);

INSERT INTO [CD_WFA_STATUS] ([WFA_STATUS_ID], [WFA_STATUS_CODE], [WFA_STATUS_NAME_EN], [WFA_STATUS_NAME_FR], [USER_CREATED], [DATE_CREATED], [USER_UPDATED], [DATE_UPDATED])
VALUES (5, 'LAYOFF', 'Lay-off', 'Mise à pied', 'system', CURRENT_TIMESTAMP, 'system', CURRENT_TIMESTAMP);

-- Initialize classifications
INSERT INTO [CD_CLASSIFICATION] ([CLASSIFICATION_ID], [CLASSIFICATION_CODE], [CLASSIFICATION_NAME_EN], [CLASSIFICATION_NAME_FR], [USER_CREATED], [DATE_CREATED], [USER_UPDATED], [DATE_UPDATED])
VALUES (904190000, 'AS-01', 'AS-01', 'AS-01', 'system', CURRENT_TIMESTAMP, 'system', CURRENT_TIMESTAMP);

INSERT INTO [CD_CLASSIFICATION] ([CLASSIFICATION_ID], [CLASSIFICATION_CODE], [CLASSIFICATION_NAME_EN], [CLASSIFICATION_NAME_FR], [USER_CREATED], [DATE_CREATED], [USER_UPDATED], [DATE_UPDATED])
VALUES (904190001, 'AS-02', 'AS-02', 'AS-02', 'system', CURRENT_TIMESTAMP, 'system', CURRENT_TIMESTAMP);

INSERT INTO [CD_CLASSIFICATION] ([CLASSIFICATION_ID], [CLASSIFICATION_CODE], [CLASSIFICATION_NAME_EN], [CLASSIFICATION_NAME_FR], [USER_CREATED], [DATE_CREATED], [USER_UPDATED], [DATE_UPDATED])
VALUES (904190002, 'AS-03', 'AS-03', 'AS-03', 'system', CURRENT_TIMESTAMP, 'system', CURRENT_TIMESTAMP);

INSERT INTO [CD_CLASSIFICATION] ([CLASSIFICATION_ID], [CLASSIFICATION_CODE], [CLASSIFICATION_NAME_EN], [CLASSIFICATION_NAME_FR], [USER_CREATED], [DATE_CREATED], [USER_UPDATED], [DATE_UPDATED])
VALUES (904190003, 'AS-04', 'AS-04', 'AS-04', 'system', CURRENT_TIMESTAMP, 'system', CURRENT_TIMESTAMP);

INSERT INTO [CD_CLASSIFICATION] ([CLASSIFICATION_ID], [CLASSIFICATION_CODE], [CLASSIFICATION_NAME_EN], [CLASSIFICATION_NAME_FR], [USER_CREATED], [DATE_CREATED], [USER_UPDATED], [DATE_UPDATED])
VALUES (904190004, 'AS-05', 'AS-05', 'AS-05', 'system', CURRENT_TIMESTAMP, 'system', CURRENT_TIMESTAMP);

INSERT INTO [CD_CLASSIFICATION] ([CLASSIFICATION_ID], [CLASSIFICATION_CODE], [CLASSIFICATION_NAME_EN], [CLASSIFICATION_NAME_FR], [USER_CREATED], [DATE_CREATED], [USER_UPDATED], [DATE_UPDATED])
VALUES (904190005, 'AS-06', 'AS-06', 'AS-06', 'system', CURRENT_TIMESTAMP, 'system', CURRENT_TIMESTAMP);

INSERT INTO [CD_CLASSIFICATION] ([CLASSIFICATION_ID], [CLASSIFICATION_CODE], [CLASSIFICATION_NAME_EN], [CLASSIFICATION_NAME_FR], [USER_CREATED], [DATE_CREATED], [USER_UPDATED], [DATE_UPDATED])
VALUES (904190006, 'AS-07', 'AS-07', 'AS-07', 'system', CURRENT_TIMESTAMP, 'system', CURRENT_TIMESTAMP);

INSERT INTO [CD_CLASSIFICATION] ([CLASSIFICATION_ID], [CLASSIFICATION_CODE], [CLASSIFICATION_NAME_EN], [CLASSIFICATION_NAME_FR], [USER_CREATED], [DATE_CREATED], [USER_UPDATED], [DATE_UPDATED])
VALUES (914190000, 'CR-03', 'CR-03', 'CR-03', 'system', CURRENT_TIMESTAMP, 'system', CURRENT_TIMESTAMP);

INSERT INTO [CD_CLASSIFICATION] ([CLASSIFICATION_ID], [CLASSIFICATION_CODE], [CLASSIFICATION_NAME_EN], [CLASSIFICATION_NAME_FR], [USER_CREATED], [DATE_CREATED], [USER_UPDATED], [DATE_UPDATED])
VALUES (914190001, 'CR-04', 'CR-04', 'CR-04', 'system', CURRENT_TIMESTAMP, 'system', CURRENT_TIMESTAMP);

INSERT INTO [CD_CLASSIFICATION] ([CLASSIFICATION_ID], [CLASSIFICATION_CODE], [CLASSIFICATION_NAME_EN], [CLASSIFICATION_NAME_FR], [USER_CREATED], [DATE_CREATED], [USER_UPDATED], [DATE_UPDATED])
VALUES (914190002, 'CR-05', 'CR-05', 'CR-05', 'system', CURRENT_TIMESTAMP, 'system', CURRENT_TIMESTAMP);

INSERT INTO [CD_CLASSIFICATION] ([CLASSIFICATION_ID], [CLASSIFICATION_CODE], [CLASSIFICATION_NAME_EN], [CLASSIFICATION_NAME_FR], [USER_CREATED], [DATE_CREATED], [USER_UPDATED], [DATE_UPDATED])
VALUES (924190000, 'CT-FIN-01', 'CT-FIN-01', 'CT-FIN-01', 'system', CURRENT_TIMESTAMP, 'system', CURRENT_TIMESTAMP);

INSERT INTO [CD_CLASSIFICATION] ([CLASSIFICATION_ID], [CLASSIFICATION_CODE], [CLASSIFICATION_NAME_EN], [CLASSIFICATION_NAME_FR], [USER_CREATED], [DATE_CREATED], [USER_UPDATED], [DATE_UPDATED])
VALUES (924190001, 'CT-FIN-02', 'CT-FIN-02', 'CT-FIN-02', 'system', CURRENT_TIMESTAMP, 'system', CURRENT_TIMESTAMP);

INSERT INTO [CD_CLASSIFICATION] ([CLASSIFICATION_ID], [CLASSIFICATION_CODE], [CLASSIFICATION_NAME_EN], [CLASSIFICATION_NAME_FR], [USER_CREATED], [DATE_CREATED], [USER_UPDATED], [DATE_UPDATED])
VALUES (924190002, 'CT-FIN-03', 'CT-FIN-03', 'CT-FIN-03', 'system', CURRENT_TIMESTAMP, 'system', CURRENT_TIMESTAMP);

INSERT INTO [CD_CLASSIFICATION] ([CLASSIFICATION_ID], [CLASSIFICATION_CODE], [CLASSIFICATION_NAME_EN], [CLASSIFICATION_NAME_FR], [USER_CREATED], [DATE_CREATED], [USER_UPDATED], [DATE_UPDATED])
VALUES (924190003, 'CT-FIN-04', 'CT-FIN-04', 'CT-FIN-04', 'system', CURRENT_TIMESTAMP, 'system', CURRENT_TIMESTAMP);

INSERT INTO [CD_CLASSIFICATION] ([CLASSIFICATION_ID], [CLASSIFICATION_CODE], [CLASSIFICATION_NAME_EN], [CLASSIFICATION_NAME_FR], [USER_CREATED], [DATE_CREATED], [USER_UPDATED], [DATE_UPDATED])
VALUES (934190000, 'CT-IAU-01', 'CT-IAU-01', 'CT-IAU-01', 'system', CURRENT_TIMESTAMP, 'system', CURRENT_TIMESTAMP);
